{
  "task": "captioning",
  "num_examples": 1,
  "metrics": {
    "bleu": {
      "name": "BLEU",
      "score": 0.02900074465673044,
      "metadata": {
        "per_example": [
          {
            "bleu": 0.02900074465673044,
            "precisions": [
              0.027777777777777776,
              0.02857142857142857,
              0.029411764705882353,
              0.030303030303030304
            ],
            "bp": 1.0
          }
        ]
      }
    },
    "cider": {
      "name": "CIDEr",
      "score": 0.0,
      "metadata": {
        "per_example": [
          {
            "score": 0.0,
            "order_scores": [
              0.0,
              0.0,
              0.0,
              0.0
            ]
          }
        ]
      }
    },
    "spice": {
      "name": "SPICE",
      "score": 0.0,
      "metadata": {
        "per_example": [
          {
            "score": 0.0
          }
        ]
      }
    }
  }
}
